report_id,report
1,Report_1
2,Report_2
3,Report_3
4,Report_4
5,Report_5
6,Report_6
7,Report_7
8,Report_8
9,Report_9
10,Report_10
11,Report_11
12,Report_12
13,Report_13
14,Report_14
15,Report_15
16,Report_16
17,Report_17
18,Report_18
19,Report_19
20,Report_20
21,Report_21
22,Report_22
23,Report_23
24,Report_24
25,Report_25
26,Report_26
27,Report_27
28,Report_28
29,Report_29
30,Report_30
31,Report_31
32,Report_32
33,Report_33
34,Report_34
35,Report_35
36,Report_36
37,Report_37
38,Report_38
39,Report_39
40,Report_40
41,Report_41
42,Report_42
43,Report_43
44,Report_44
45,Report_45
46,Report_46
47,Report_47
48,Report_48
49,Report_49
50,Report_50
51,Report_51
52,Report_52
53,Report_53
54,Report_54
55,Report_55
56,Report_56
57,Report_57
58,Report_58
59,Report_59
60,Report_60
61,Report_61
62,Report_62
63,Report_63
64,Report_64
65,Report_65
66,Report_66
67,Report_67
68,Report_68
69,Report_69
70,Report_70
71,Report_71
72,Report_72
73,Report_73
74,Report_74
75,Report_75
76,Report_76
77,Report_77
78,Report_78
79,Report_79
80,Report_80
81,Report_81
82,Report_82
83,Report_83
84,Report_84
85,Report_85
86,Report_86
87,Report_87
88,Report_88
89,Report_89
90,Report_90
91,Report_91
92,Report_92
93,Report_93
94,Report_94
95,Report_95
96,Report_96
97,Report_97
98,Report_98
99,Report_99
100,Report_100
101,Report_101
102,Report_102
103,Report_103
104,Report_104
105,Report_105
106,Report_106
107,Report_107
108,Report_108
109,Report_109
110,Report_110
111,Report_111
112,Report_112
113,Report_113
114,Report_114
115,Report_115
116,Report_116
117,Report_117
118,Report_118
119,Report_119
120,Report_120
121,Report_121
122,Report_122
123,Report_123
124,Report_124
125,Report_125
126,Report_126
127,Report_127
128,Report_128
129,Report_129
130,Report_130
131,Report_131
132,Report_132
133,Report_133
134,Report_134
135,Report_135
136,Report_136
137,Report_137
138,Report_138
139,Report_139
140,Report_140
141,Report_141
142,Report_142
143,Report_143
144,Report_144
145,Report_145
146,Report_146
147,Report_147
148,Report_148
149,Report_149
150,Report_150
151,Report_151
152,Report_152
153,Report_153
154,Report_154
155,Report_155
156,Report_156
157,Report_157
158,Report_158
159,Report_159
160,Report_160
161,Report_161
162,Report_162
163,Report_163
164,Report_164
165,Report_165
166,Report_166
167,Report_167
168,Report_168
169,Report_169
170,Report_170
171,Report_171
172,Report_172
173,Report_173
174,Report_174
175,Report_175
176,Report_176
177,Report_177
178,Report_178
179,Report_179
180,Report_180
181,Report_181
182,Report_182
183,Report_183
184,Report_184
185,Report_185
186,Report_186
187,Report_187
188,Report_188
189,Report_189
190,Report_190
191,Report_191
192,Report_192
193,Report_193
194,Report_194
195,Report_195
196,Report_196
197,Report_197
198,Report_198
199,Report_199
200,Report_200
201,Report_201
202,Report_202
203,Report_203
204,Report_204
205,Report_205
206,Report_206
207,Report_207
208,Report_208
209,Report_209
210,Report_210
211,Report_211
212,Report_212
213,Report_213
214,Report_214
215,Report_215
216,Report_216
217,Report_217
218,Report_218
219,Report_219
220,Report_220
221,Report_221
222,Report_222
223,Report_223
224,Report_224
225,Report_225
226,Report_226
227,Report_227
228,Report_228
229,Report_229
230,Report_230
231,Report_231
232,Report_232
233,Report_233
234,Report_234
235,Report_235
236,Report_236
237,Report_237
238,Report_238
239,Report_239
240,Report_240
241,Report_241
242,Report_242
243,Report_243
244,Report_244
245,Report_245
246,Report_246
247,Report_247
248,Report_248
249,Report_249
250,Report_250
251,Report_251
252,Report_252
253,Report_253
254,Report_254
255,Report_255
256,Report_256
257,Report_257
258,Report_258
259,Report_259
260,Report_260
261,Report_261
262,Report_262
263,Report_263
264,Report_264
265,Report_265
266,Report_266
267,Report_267
268,Report_268
269,Report_269
270,Report_270
271,Report_271
272,Report_272
273,Report_273
274,Report_274
275,Report_275
276,Report_276
277,Report_277
278,Report_278
279,Report_279
280,Report_280
281,Report_281
282,Report_282
283,Report_283
284,Report_284
285,Report_285
286,Report_286
287,Report_287
288,Report_288
289,Report_289
290,Report_290
291,Report_291
292,Report_292
293,Report_293
294,Report_294
295,Report_295
296,Report_296
297,Report_297
298,Report_298
299,Report_299
300,Report_300
301,Report_301
302,Report_302
303,Report_303
304,Report_304
305,Report_305
306,Report_306
307,Report_307
308,Report_308
309,Report_309
310,Report_310
311,Report_311
312,Report_312
313,Report_313
314,Report_314
315,Report_315
316,Report_316
317,Report_317
318,Report_318
319,Report_319
320,Report_320
321,Report_321
322,Report_322
323,Report_323
324,Report_324
325,Report_325
326,Report_326
327,Report_327
328,Report_328
329,Report_329
330,Report_330
331,Report_331
332,Report_332
333,Report_333
334,Report_334
335,Report_335
336,Report_336
337,Report_337
338,Report_338
339,Report_339
340,Report_340
341,Report_341
342,Report_342
343,Report_343
344,Report_344
345,Report_345
346,Report_346
347,Report_347
348,Report_348
349,Report_349
350,Report_350
351,Report_351
352,Report_352
353,Report_353
354,Report_354
355,Report_355
356,Report_356
357,Report_357
358,Report_358
359,Report_359
360,Report_360
361,Report_361
362,Report_362
363,Report_363
364,Report_364
365,Report_365
366,Report_366
367,Report_367
368,Report_368
369,Report_369
370,Report_370
371,Report_371
372,Report_372
373,Report_373
374,Report_374
375,Report_375
376,Report_376
377,Report_377
378,Report_378
379,Report_379
380,Report_380
381,Report_381
382,Report_382
383,Report_383
384,Report_384
385,Report_385
386,Report_386
387,Report_387
388,Report_388
389,Report_389
390,Report_390
391,Report_391
392,Report_392
393,Report_393
394,Report_394
395,Report_395
396,Report_396
397,Report_397
398,Report_398
399,Report_399
400,Report_400
401,Report_401
402,Report_402
403,Report_403
404,Report_404
405,Report_405
406,Report_406
407,Report_407
408,Report_408
409,Report_409
410,Report_410
411,Report_411
412,Report_412
413,Report_413
414,Report_414
415,Report_415
416,Report_416
417,Report_417
418,Report_418
419,Report_419
420,Report_420
421,Report_421
422,Report_422
423,Report_423
424,Report_424
425,Report_425
426,Report_426
427,Report_427
428,Report_428
429,Report_429
430,Report_430
431,Report_431
432,Report_432
433,Report_433
434,Report_434
435,Report_435
436,Report_436
437,Report_437
438,Report_438
439,Report_439
440,Report_440
441,Report_441
442,Report_442
443,Report_443
444,Report_444
445,Report_445
446,Report_446
447,Report_447
448,Report_448
449,Report_449
450,Report_450
451,Report_451
452,Report_452
453,Report_453
454,Report_454
455,Report_455
456,Report_456
457,Report_457
458,Report_458
459,Report_459
460,Report_460
461,Report_461
462,Report_462
463,Report_463
464,Report_464
465,Report_465
466,Report_466
467,Report_467
468,Report_468
469,Report_469
470,Report_470
471,Report_471
472,Report_472
473,Report_473
474,Report_474
475,Report_475
476,Report_476
477,Report_477
478,Report_478
479,Report_479
480,Report_480
481,Report_481
482,Report_482
483,Report_483
484,Report_484
485,Report_485
486,Report_486
487,Report_487
488,Report_488
489,Report_489
490,Report_490
491,Report_491
492,Report_492
493,Report_493
494,Report_494
495,Report_495
496,Report_496
497,Report_497
498,Report_498
499,Report_499
500,Report_500
501,Report_501
502,Report_502
503,Report_503
504,Report_504
505,Report_505
506,Report_506
507,Report_507
508,Report_508
509,Report_509
510,Report_510
511,Report_511
512,Report_512
513,Report_513
514,Report_514
515,Report_515
516,Report_516
517,Report_517
518,Report_518
519,Report_519
520,Report_520
521,Report_521
522,Report_522
523,Report_523
524,Report_524
525,Report_525
526,Report_526
527,Report_527
528,Report_528
529,Report_529
530,Report_530
531,Report_531
532,Report_532
533,Report_533
534,Report_534
535,Report_535
536,Report_536
537,Report_537
538,Report_538
539,Report_539
540,Report_540
541,Report_541
542,Report_542
543,Report_543
544,Report_544
545,Report_545
546,Report_546
547,Report_547
548,Report_548
549,Report_549
550,Report_550
551,Report_551
552,Report_552
553,Report_553
554,Report_554
555,Report_555
556,Report_556
557,Report_557
558,Report_558
559,Report_559
560,Report_560
561,Report_561
562,Report_562
563,Report_563
564,Report_564
565,Report_565
566,Report_566
567,Report_567
568,Report_568
569,Report_569
570,Report_570
571,Report_571
572,Report_572
573,Report_573
574,Report_574
575,Report_575
576,Report_576
577,Report_577
578,Report_578
579,Report_579
580,Report_580
581,Report_581
582,Report_582
583,Report_583
584,Report_584
585,Report_585
586,Report_586
587,Report_587
588,Report_588
589,Report_589
590,Report_590
591,Report_591
592,Report_592
593,Report_593
594,Report_594
595,Report_595
596,Report_596
597,Report_597
598,Report_598
599,Report_599
600,Report_600
601,Report_601
602,Report_602
603,Report_603
604,Report_604
605,Report_605
606,Report_606
607,Report_607
608,Report_608
609,Report_609
610,Report_610
611,Report_611
612,Report_612
613,Report_613
614,Report_614
615,Report_615
616,Report_616
617,Report_617
618,Report_618
619,Report_619
620,Report_620
621,Report_621
622,Report_622
623,Report_623
624,Report_624
625,Report_625
626,Report_626
627,Report_627
628,Report_628
629,Report_629
630,Report_630
631,Report_631
632,Report_632
633,Report_633
634,Report_634
635,Report_635
636,Report_636
637,Report_637
638,Report_638
639,Report_639
640,Report_640
641,Report_641
642,Report_642
643,Report_643
644,Report_644
645,Report_645
646,Report_646
647,Report_647
648,Report_648
649,Report_649
650,Report_650
651,Report_651
652,Report_652
653,Report_653
654,Report_654
655,Report_655
656,Report_656
657,Report_657
658,Report_658
659,Report_659
660,Report_660
661,Report_661
662,Report_662
663,Report_663
664,Report_664
665,Report_665
666,Report_666
667,Report_667
668,Report_668
669,Report_669
670,Report_670
671,Report_671
672,Report_672
673,Report_673
674,Report_674
675,Report_675
676,Report_676
677,Report_677
678,Report_678
679,Report_679
680,Report_680
681,Report_681
682,Report_682
683,Report_683
684,Report_684
685,Report_685
686,Report_686
687,Report_687
688,Report_688
689,Report_689
690,Report_690
691,Report_691
692,Report_692
693,Report_693
694,Report_694
695,Report_695
696,Report_696
697,Report_697
698,Report_698
699,Report_699
700,Report_700
701,Report_701
702,Report_702
703,Report_703
704,Report_704
705,Report_705
706,Report_706
707,Report_707
708,Report_708
709,Report_709
710,Report_710
711,Report_711
712,Report_712
713,Report_713
714,Report_714
715,Report_715
716,Report_716
717,Report_717
718,Report_718
719,Report_719
720,Report_720
721,Report_721
722,Report_722
723,Report_723
724,Report_724
725,Report_725
726,Report_726
727,Report_727
728,Report_728
729,Report_729
730,Report_730
731,Report_731
732,Report_732
733,Report_733
734,Report_734
735,Report_735
736,Report_736
737,Report_737
738,Report_738
739,Report_739
740,Report_740
741,Report_741
742,Report_742
743,Report_743
744,Report_744
745,Report_745
746,Report_746
747,Report_747
748,Report_748
749,Report_749
750,Report_750
751,Report_751
752,Report_752
753,Report_753
754,Report_754
755,Report_755
756,Report_756
757,Report_757
758,Report_758
759,Report_759
760,Report_760
761,Report_761
762,Report_762
763,Report_763
764,Report_764
765,Report_765
766,Report_766
767,Report_767
768,Report_768
769,Report_769
770,Report_770
771,Report_771
772,Report_772
773,Report_773
774,Report_774
775,Report_775
776,Report_776
777,Report_777
778,Report_778
779,Report_779
780,Report_780
781,Report_781
782,Report_782
783,Report_783
784,Report_784
785,Report_785
786,Report_786
787,Report_787
788,Report_788
789,Report_789
790,Report_790
791,Report_791
792,Report_792
793,Report_793
794,Report_794
795,Report_795
796,Report_796
797,Report_797
798,Report_798
799,Report_799
800,Report_800
801,Report_801
802,Report_802
803,Report_803
804,Report_804
805,Report_805
806,Report_806
807,Report_807
808,Report_808
809,Report_809
810,Report_810
811,Report_811
812,Report_812
813,Report_813
814,Report_814
815,Report_815
816,Report_816
817,Report_817
818,Report_818
819,Report_819
820,Report_820
821,Report_821
822,Report_822
823,Report_823
824,Report_824
825,Report_825
826,Report_826
827,Report_827
828,Report_828
829,Report_829
830,Report_830
831,Report_831
832,Report_832
833,Report_833
834,Report_834
835,Report_835
836,Report_836
837,Report_837
838,Report_838
839,Report_839
840,Report_840
841,Report_841
842,Report_842
843,Report_843
844,Report_844
845,Report_845
846,Report_846
847,Report_847
848,Report_848
849,Report_849
850,Report_850
851,Report_851
852,Report_852
853,Report_853
854,Report_854
855,Report_855
856,Report_856
857,Report_857
858,Report_858
859,Report_859
860,Report_860
861,Report_861
862,Report_862
863,Report_863
864,Report_864
865,Report_865
866,Report_866
867,Report_867
868,Report_868
869,Report_869
870,Report_870
871,Report_871
872,Report_872
873,Report_873
874,Report_874
875,Report_875
876,Report_876
877,Report_877
878,Report_878
879,Report_879
880,Report_880
881,Report_881
882,Report_882
883,Report_883
884,Report_884
885,Report_885
886,Report_886
887,Report_887
888,Report_888
889,Report_889
890,Report_890
891,Report_891
892,Report_892
893,Report_893
894,Report_894
895,Report_895
896,Report_896
897,Report_897
898,Report_898
899,Report_899
900,Report_900
901,Report_901
902,Report_902
903,Report_903
904,Report_904
905,Report_905
906,Report_906
907,Report_907
908,Report_908
909,Report_909
910,Report_910
911,Report_911
912,Report_912
913,Report_913
914,Report_914
915,Report_915
916,Report_916
917,Report_917
918,Report_918
919,Report_919
920,Report_920
921,Report_921
922,Report_922
923,Report_923
924,Report_924
925,Report_925
926,Report_926
927,Report_927
928,Report_928
929,Report_929
930,Report_930
931,Report_931
932,Report_932
933,Report_933
934,Report_934
935,Report_935
936,Report_936
937,Report_937
938,Report_938
939,Report_939
940,Report_940
941,Report_941
942,Report_942
943,Report_943
944,Report_944
945,Report_945
946,Report_946
947,Report_947
948,Report_948
949,Report_949
950,Report_950
951,Report_951
952,Report_952
953,Report_953
954,Report_954
955,Report_955
956,Report_956
957,Report_957
958,Report_958
959,Report_959
960,Report_960
961,Report_961
962,Report_962
963,Report_963
964,Report_964
965,Report_965
966,Report_966
967,Report_967
968,Report_968
969,Report_969
970,Report_970
971,Report_971
972,Report_972
973,Report_973
974,Report_974
975,Report_975
976,Report_976
977,Report_977
978,Report_978
979,Report_979
980,Report_980
981,Report_981
982,Report_982
983,Report_983
984,Report_984
985,Report_985
986,Report_986
987,Report_987
988,Report_988
989,Report_989
990,Report_990
991,Report_991
992,Report_992
993,Report_993
994,Report_994
995,Report_995
996,Report_996
997,Report_997
998,Report_998
999,Report_999
1000,Report_1000
1001,Report_1001
1002,Report_1002
1003,Report_1003
1004,Report_1004
1005,Report_1005
1006,Report_1006
1007,Report_1007
1008,Report_1008
1009,Report_1009
1010,Report_1010
1011,Report_1011
1012,Report_1012
1013,Report_1013
1014,Report_1014
1015,Report_1015
1016,Report_1016
1017,Report_1017
1018,Report_1018
1019,Report_1019
1020,Report_1020
1021,Report_1021
1022,Report_1022
1023,Report_1023
1024,Report_1024
1025,Report_1025
1026,Report_1026
1027,Report_1027
1028,Report_1028
1029,Report_1029
1030,Report_1030
1031,Report_1031
1032,Report_1032
1033,Report_1033
1034,Report_1034
1035,Report_1035
1036,Report_1036
1037,Report_1037
1038,Report_1038
1039,Report_1039
1040,Report_1040
1041,Report_1041
1042,Report_1042
1043,Report_1043
1044,Report_1044
1045,Report_1045
1046,Report_1046
1047,Report_1047
1048,Report_1048
1049,Report_1049
1050,Report_1050
1051,Report_1051
1052,Report_1052
1053,Report_1053
1054,Report_1054
1055,Report_1055
1056,Report_1056
1057,Report_1057
1058,Report_1058
1059,Report_1059
1060,Report_1060
1061,Report_1061
1062,Report_1062
1063,Report_1063
1064,Report_1064
1065,Report_1065
1066,Report_1066
1067,Report_1067
1068,Report_1068
1069,Report_1069
1070,Report_1070
1071,Report_1071
1072,Report_1072
1073,Report_1073
1074,Report_1074
1075,Report_1075
1076,Report_1076
1077,Report_1077
1078,Report_1078
1079,Report_1079
1080,Report_1080
1081,Report_1081
1082,Report_1082
1083,Report_1083
1084,Report_1084
1085,Report_1085
1086,Report_1086
1087,Report_1087
1088,Report_1088
1089,Report_1089
1090,Report_1090
1091,Report_1091
1092,Report_1092
1093,Report_1093
1094,Report_1094
1095,Report_1095
1096,Report_1096
1097,Report_1097
1098,Report_1098
1099,Report_1099
1100,Report_1100
1101,Report_1101
1102,Report_1102
1103,Report_1103
1104,Report_1104
1105,Report_1105
1106,Report_1106
1107,Report_1107
1108,Report_1108
1109,Report_1109
1110,Report_1110
1111,Report_1111
1112,Report_1112
1113,Report_1113
1114,Report_1114
1115,Report_1115
1116,Report_1116
1117,Report_1117
1118,Report_1118
1119,Report_1119
1120,Report_1120
1121,Report_1121
1122,Report_1122
1123,Report_1123
1124,Report_1124
1125,Report_1125
1126,Report_1126
1127,Report_1127
1128,Report_1128
1129,Report_1129
1130,Report_1130
1131,Report_1131
1132,Report_1132
1133,Report_1133
1134,Report_1134
1135,Report_1135
1136,Report_1136
1137,Report_1137
1138,Report_1138
1139,Report_1139
1140,Report_1140
1141,Report_1141
1142,Report_1142
1143,Report_1143
1144,Report_1144
1145,Report_1145
1146,Report_1146
1147,Report_1147
1148,Report_1148
1149,Report_1149
1150,Report_1150
1151,Report_1151
1152,Report_1152
1153,Report_1153
1154,Report_1154
1155,Report_1155
1156,Report_1156
1157,Report_1157
1158,Report_1158
1159,Report_1159
1160,Report_1160
1161,Report_1161
1162,Report_1162
1163,Report_1163
1164,Report_1164
1165,Report_1165
1166,Report_1166
1167,Report_1167
1168,Report_1168
1169,Report_1169
1170,Report_1170
1171,Report_1171
1172,Report_1172
1173,Report_1173
1174,Report_1174
1175,Report_1175
1176,Report_1176
1177,Report_1177
1178,Report_1178
1179,Report_1179
1180,Report_1180
1181,Report_1181
1182,Report_1182
1183,Report_1183
1184,Report_1184
1185,Report_1185
1186,Report_1186
1187,Report_1187
1188,Report_1188
1189,Report_1189
1190,Report_1190
1191,Report_1191
1192,Report_1192
1193,Report_1193
1194,Report_1194
1195,Report_1195
1196,Report_1196
1197,Report_1197
1198,Report_1198
1199,Report_1199
1200,Report_1200
1201,Report_1201
1202,Report_1202
1203,Report_1203
1204,Report_1204
1205,Report_1205
1206,Report_1206
1207,Report_1207
1208,Report_1208
1209,Report_1209
1210,Report_1210
1211,Report_1211
1212,Report_1212
1213,Report_1213
1214,Report_1214
1215,Report_1215
1216,Report_1216
1217,Report_1217
1218,Report_1218
1219,Report_1219
1220,Report_1220
1221,Report_1221
1222,Report_1222
1223,Report_1223
1224,Report_1224
1225,Report_1225
1226,Report_1226
1227,Report_1227
1228,Report_1228
1229,Report_1229
1230,Report_1230
1231,Report_1231
1232,Report_1232
1233,Report_1233
1234,Report_1234
1235,Report_1235
1236,Report_1236
1237,Report_1237
1238,Report_1238
1239,Report_1239
1240,Report_1240
1241,Report_1241
1242,Report_1242
1243,Report_1243
1244,Report_1244
1245,Report_1245
1246,Report_1246
1247,Report_1247
1248,Report_1248
1249,Report_1249
1250,Report_1250
1251,Report_1251
1252,Report_1252
1253,Report_1253
1254,Report_1254
1255,Report_1255
1256,Report_1256
1257,Report_1257
1258,Report_1258
1259,Report_1259
1260,Report_1260
1261,Report_1261
1262,Report_1262
1263,Report_1263
1264,Report_1264
1265,Report_1265
1266,Report_1266
1267,Report_1267
1268,Report_1268
1269,Report_1269
1270,Report_1270
1271,Report_1271
1272,Report_1272
1273,Report_1273
1274,Report_1274
1275,Report_1275
1276,Report_1276
1277,Report_1277
1278,Report_1278
1279,Report_1279
1280,Report_1280
1281,Report_1281
1282,Report_1282
1283,Report_1283
1284,Report_1284
1285,Report_1285
1286,Report_1286
1287,Report_1287
1288,Report_1288
1289,Report_1289
1290,Report_1290
1291,Report_1291
1292,Report_1292
1293,Report_1293
1294,Report_1294
1295,Report_1295
1296,Report_1296
1297,Report_1297
1298,Report_1298
1299,Report_1299
1300,Report_1300
1301,Report_1301
1302,Report_1302
1303,Report_1303
1304,Report_1304
1305,Report_1305
1306,Report_1306
1307,Report_1307
1308,Report_1308
1309,Report_1309
1310,Report_1310
1311,Report_1311
1312,Report_1312
1313,Report_1313
1314,Report_1314
1315,Report_1315
1316,Report_1316
1317,Report_1317
1318,Report_1318
1319,Report_1319
1320,Report_1320
1321,Report_1321
1322,Report_1322
1323,Report_1323
1324,Report_1324
1325,Report_1325
1326,Report_1326
1327,Report_1327
1328,Report_1328
1329,Report_1329
1330,Report_1330
1331,Report_1331
1332,Report_1332
1333,Report_1333
1334,Report_1334
1335,Report_1335
1336,Report_1336
1337,Report_1337
1338,Report_1338
1339,Report_1339
1340,Report_1340
1341,Report_1341
1342,Report_1342
1343,Report_1343
1344,Report_1344
1345,Report_1345
1346,Report_1346
1347,Report_1347
1348,Report_1348
1349,Report_1349
1350,Report_1350
1351,Report_1351
1352,Report_1352
1353,Report_1353
1354,Report_1354
1355,Report_1355
1356,Report_1356
1357,Report_1357
1358,Report_1358
1359,Report_1359
1360,Report_1360
1361,Report_1361
1362,Report_1362
1363,Report_1363
1364,Report_1364
1365,Report_1365
1366,Report_1366
1367,Report_1367
1368,Report_1368
1369,Report_1369
1370,Report_1370
1371,Report_1371
1372,Report_1372
1373,Report_1373
1374,Report_1374
1375,Report_1375
1376,Report_1376
1377,Report_1377
1378,Report_1378
1379,Report_1379
1380,Report_1380
1381,Report_1381
1382,Report_1382
1383,Report_1383
1384,Report_1384
1385,Report_1385
1386,Report_1386
1387,Report_1387
1388,Report_1388
1389,Report_1389
1390,Report_1390
1391,Report_1391
1392,Report_1392
1393,Report_1393
1394,Report_1394
1395,Report_1395
1396,Report_1396
1397,Report_1397
1398,Report_1398
1399,Report_1399
1400,Report_1400
1401,Report_1401
1402,Report_1402
1403,Report_1403
1404,Report_1404
1405,Report_1405
1406,Report_1406
1407,Report_1407
1408,Report_1408
1409,Report_1409
1410,Report_1410
1411,Report_1411
1412,Report_1412
1413,Report_1413
1414,Report_1414
1415,Report_1415
1416,Report_1416
1417,Report_1417
1418,Report_1418
1419,Report_1419
1420,Report_1420
1421,Report_1421
1422,Report_1422
1423,Report_1423
1424,Report_1424
1425,Report_1425
1426,Report_1426
1427,Report_1427
1428,Report_1428
1429,Report_1429
1430,Report_1430
1431,Report_1431
1432,Report_1432
1433,Report_1433
1434,Report_1434
1435,Report_1435
1436,Report_1436
1437,Report_1437
1438,Report_1438
1439,Report_1439
1440,Report_1440
1441,Report_1441
1442,Report_1442
1443,Report_1443
1444,Report_1444
1445,Report_1445
1446,Report_1446
1447,Report_1447
1448,Report_1448
1449,Report_1449
1450,Report_1450
1451,Report_1451
1452,Report_1452
1453,Report_1453
1454,Report_1454
1455,Report_1455
1456,Report_1456
1457,Report_1457
1458,Report_1458
1459,Report_1459
1460,Report_1460
1461,Report_1461
1462,Report_1462
1463,Report_1463
1464,Report_1464
1465,Report_1465
1466,Report_1466
1467,Report_1467
1468,Report_1468
1469,Report_1469
1470,Report_1470
1471,Report_1471
1472,Report_1472
1473,Report_1473
1474,Report_1474
1475,Report_1475
1476,Report_1476
1477,Report_1477
1478,Report_1478
1479,Report_1479
1480,Report_1480
1481,Report_1481
1482,Report_1482
1483,Report_1483
1484,Report_1484
1485,Report_1485
1486,Report_1486
1487,Report_1487
1488,Report_1488
1489,Report_1489
1490,Report_1490
1491,Report_1491
1492,Report_1492
1493,Report_1493
1494,Report_1494
1495,Report_1495
1496,Report_1496
1497,Report_1497
1498,Report_1498
1499,Report_1499
1500,Report_1500
1501,Report_1501
1502,Report_1502
1503,Report_1503
1504,Report_1504
1505,Report_1505
1506,Report_1506
1507,Report_1507
1508,Report_1508
1509,Report_1509
1510,Report_1510
1511,Report_1511
1512,Report_1512
1513,Report_1513
1514,Report_1514
1515,Report_1515
1516,Report_1516
1517,Report_1517
1518,Report_1518
1519,Report_1519
1520,Report_1520
1521,Report_1521
1522,Report_1522
1523,Report_1523
1524,Report_1524
1525,Report_1525
1526,Report_1526
1527,Report_1527
1528,Report_1528
1529,Report_1529
1530,Report_1530
1531,Report_1531
1532,Report_1532
1533,Report_1533
1534,Report_1534
1535,Report_1535
1536,Report_1536
1537,Report_1537
1538,Report_1538
1539,Report_1539
1540,Report_1540
1541,Report_1541
1542,Report_1542
1543,Report_1543
1544,Report_1544
1545,Report_1545
1546,Report_1546
1547,Report_1547
1548,Report_1548
1549,Report_1549
1550,Report_1550
1551,Report_1551
1552,Report_1552
1553,Report_1553
1554,Report_1554
1555,Report_1555
1556,Report_1556
1557,Report_1557
1558,Report_1558
1559,Report_1559
1560,Report_1560
1561,Report_1561
1562,Report_1562
1563,Report_1563
1564,Report_1564
1565,Report_1565
1566,Report_1566
1567,Report_1567
1568,Report_1568
1569,Report_1569
1570,Report_1570
1571,Report_1571
1572,Report_1572
1573,Report_1573
1574,Report_1574
1575,Report_1575
1576,Report_1576
1577,Report_1577
1578,Report_1578
1579,Report_1579
1580,Report_1580
1581,Report_1581
1582,Report_1582
1583,Report_1583
1584,Report_1584
1585,Report_1585
1586,Report_1586
1587,Report_1587
1588,Report_1588
1589,Report_1589
1590,Report_1590
1591,Report_1591
1592,Report_1592
1593,Report_1593
1594,Report_1594
1595,Report_1595
1596,Report_1596
1597,Report_1597
1598,Report_1598
1599,Report_1599
1600,Report_1600
1601,Report_1601
1602,Report_1602
1603,Report_1603
1604,Report_1604
1605,Report_1605
1606,Report_1606
1607,Report_1607
1608,Report_1608
1609,Report_1609
1610,Report_1610
1611,Report_1611
1612,Report_1612
1613,Report_1613
1614,Report_1614
1615,Report_1615
1616,Report_1616
1617,Report_1617
1618,Report_1618
1619,Report_1619
1620,Report_1620
1621,Report_1621
1622,Report_1622
1623,Report_1623
1624,Report_1624
1625,Report_1625
1626,Report_1626
1627,Report_1627
1628,Report_1628
1629,Report_1629
1630,Report_1630
1631,Report_1631
1632,Report_1632
1633,Report_1633
1634,Report_1634
1635,Report_1635
1636,Report_1636
1637,Report_1637
1638,Report_1638
1639,Report_1639
1640,Report_1640
1641,Report_1641
1642,Report_1642
1643,Report_1643
1644,Report_1644
1645,Report_1645
1646,Report_1646
1647,Report_1647
1648,Report_1648
1649,Report_1649
1650,Report_1650
1651,Report_1651
1652,Report_1652
1653,Report_1653
1654,Report_1654
1655,Report_1655
1656,Report_1656
1657,Report_1657
1658,Report_1658
1659,Report_1659
1660,Report_1660
1661,Report_1661
1662,Report_1662
1663,Report_1663
1664,Report_1664
1665,Report_1665
1666,Report_1666
1667,Report_1667
1668,Report_1668
1669,Report_1669
1670,Report_1670
1671,Report_1671
1672,Report_1672
1673,Report_1673
1674,Report_1674
1675,Report_1675
1676,Report_1676
1677,Report_1677
1678,Report_1678
1679,Report_1679
1680,Report_1680
1681,Report_1681
1682,Report_1682
1683,Report_1683
1684,Report_1684
1685,Report_1685
1686,Report_1686
1687,Report_1687
1688,Report_1688
1689,Report_1689
1690,Report_1690
1691,Report_1691
1692,Report_1692
1693,Report_1693
1694,Report_1694
1695,Report_1695
1696,Report_1696
1697,Report_1697
1698,Report_1698
1699,Report_1699
1700,Report_1700
1701,Report_1701
1702,Report_1702
1703,Report_1703
1704,Report_1704
1705,Report_1705
1706,Report_1706
1707,Report_1707
1708,Report_1708
1709,Report_1709
1710,Report_1710
1711,Report_1711
1712,Report_1712
1713,Report_1713
1714,Report_1714
1715,Report_1715
1716,Report_1716
1717,Report_1717
1718,Report_1718
1719,Report_1719
1720,Report_1720
1721,Report_1721
1722,Report_1722
1723,Report_1723
1724,Report_1724
1725,Report_1725
1726,Report_1726
1727,Report_1727
1728,Report_1728
1729,Report_1729
1730,Report_1730
1731,Report_1731
1732,Report_1732
1733,Report_1733
1734,Report_1734
1735,Report_1735
1736,Report_1736
1737,Report_1737
1738,Report_1738
1739,Report_1739
1740,Report_1740
1741,Report_1741
1742,Report_1742
1743,Report_1743
1744,Report_1744
1745,Report_1745
1746,Report_1746
1747,Report_1747
1748,Report_1748
1749,Report_1749
1750,Report_1750
1751,Report_1751
1752,Report_1752
1753,Report_1753
1754,Report_1754
1755,Report_1755
1756,Report_1756
1757,Report_1757
1758,Report_1758
1759,Report_1759
1760,Report_1760
1761,Report_1761
1762,Report_1762
1763,Report_1763
1764,Report_1764
1765,Report_1765
1766,Report_1766
1767,Report_1767
1768,Report_1768
1769,Report_1769
1770,Report_1770
1771,Report_1771
1772,Report_1772
1773,Report_1773
1774,Report_1774
1775,Report_1775
1776,Report_1776
1777,Report_1777
1778,Report_1778
1779,Report_1779
1780,Report_1780
1781,Report_1781
1782,Report_1782
1783,Report_1783
1784,Report_1784
1785,Report_1785
1786,Report_1786
1787,Report_1787
1788,Report_1788
1789,Report_1789
1790,Report_1790
1791,Report_1791
1792,Report_1792
1793,Report_1793
1794,Report_1794
1795,Report_1795
1796,Report_1796
1797,Report_1797
1798,Report_1798
1799,Report_1799
1800,Report_1800
1801,Report_1801
1802,Report_1802
1803,Report_1803
1804,Report_1804
1805,Report_1805
1806,Report_1806
1807,Report_1807
1808,Report_1808
1809,Report_1809
1810,Report_1810
1811,Report_1811
1812,Report_1812
1813,Report_1813
1814,Report_1814
1815,Report_1815
1816,Report_1816
1817,Report_1817
1818,Report_1818
1819,Report_1819
1820,Report_1820
1821,Report_1821
1822,Report_1822
1823,Report_1823
1824,Report_1824
1825,Report_1825
1826,Report_1826
1827,Report_1827
1828,Report_1828
1829,Report_1829
1830,Report_1830
1831,Report_1831
1832,Report_1832
1833,Report_1833
1834,Report_1834
1835,Report_1835
1836,Report_1836
1837,Report_1837
1838,Report_1838
1839,Report_1839
1840,Report_1840
1841,Report_1841
1842,Report_1842
1843,Report_1843
1844,Report_1844
1845,Report_1845
1846,Report_1846
1847,Report_1847
1848,Report_1848
1849,Report_1849
1850,Report_1850
1851,Report_1851
1852,Report_1852
1853,Report_1853
1854,Report_1854
1855,Report_1855
1856,Report_1856
1857,Report_1857
1858,Report_1858
1859,Report_1859
1860,Report_1860
1861,Report_1861
1862,Report_1862
1863,Report_1863
1864,Report_1864
1865,Report_1865
1866,Report_1866
1867,Report_1867
1868,Report_1868
1869,Report_1869
1870,Report_1870
1871,Report_1871
1872,Report_1872
1873,Report_1873
1874,Report_1874
1875,Report_1875
1876,Report_1876
1877,Report_1877
1878,Report_1878
1879,Report_1879
1880,Report_1880
1881,Report_1881
1882,Report_1882
1883,Report_1883
1884,Report_1884
1885,Report_1885
1886,Report_1886
1887,Report_1887
1888,Report_1888
1889,Report_1889
1890,Report_1890
1891,Report_1891
1892,Report_1892
1893,Report_1893
1894,Report_1894
1895,Report_1895
1896,Report_1896
1897,Report_1897
1898,Report_1898
1899,Report_1899
1900,Report_1900
1901,Report_1901
1902,Report_1902
1903,Report_1903
1904,Report_1904
1905,Report_1905
1906,Report_1906
1907,Report_1907
1908,Report_1908
1909,Report_1909
1910,Report_1910
1911,Report_1911
1912,Report_1912
1913,Report_1913
1914,Report_1914
1915,Report_1915
1916,Report_1916
1917,Report_1917
1918,Report_1918
1919,Report_1919
1920,Report_1920
1921,Report_1921
1922,Report_1922
1923,Report_1923
1924,Report_1924
1925,Report_1925
1926,Report_1926
1927,Report_1927
1928,Report_1928
1929,Report_1929
1930,Report_1930
1931,Report_1931
1932,Report_1932
1933,Report_1933
1934,Report_1934
1935,Report_1935
1936,Report_1936
1937,Report_1937
1938,Report_1938
1939,Report_1939
1940,Report_1940
1941,Report_1941
1942,Report_1942
1943,Report_1943
1944,Report_1944
1945,Report_1945
1946,Report_1946
1947,Report_1947
1948,Report_1948
1949,Report_1949
1950,Report_1950
1951,Report_1951
1952,Report_1952
1953,Report_1953
1954,Report_1954
1955,Report_1955
1956,Report_1956
1957,Report_1957
1958,Report_1958
1959,Report_1959
1960,Report_1960
1961,Report_1961
1962,Report_1962
1963,Report_1963
1964,Report_1964
1965,Report_1965
1966,Report_1966
1967,Report_1967
1968,Report_1968
1969,Report_1969
1970,Report_1970
1971,Report_1971
1972,Report_1972
1973,Report_1973
1974,Report_1974
1975,Report_1975
1976,Report_1976
1977,Report_1977
1978,Report_1978
1979,Report_1979
1980,Report_1980
1981,Report_1981
1982,Report_1982
1983,Report_1983
1984,Report_1984
1985,Report_1985
1986,Report_1986
1987,Report_1987
1988,Report_1988
1989,Report_1989
1990,Report_1990
1991,Report_1991
1992,Report_1992
1993,Report_1993
1994,Report_1994
1995,Report_1995
1996,Report_1996
1997,Report_1997
1998,Report_1998
1999,Report_1999
2000,Report_2000
2001,Report_2001
2002,Report_2002
2003,Report_2003
2004,Report_2004
2005,Report_2005
2006,Report_2006
2007,Report_2007
2008,Report_2008
2009,Report_2009
2010,Report_2010
2011,Report_2011
2012,Report_2012
2013,Report_2013
2014,Report_2014
2015,Report_2015
2016,Report_2016
2017,Report_2017
2018,Report_2018
2019,Report_2019
2020,Report_2020
2021,Report_2021
2022,Report_2022
2023,Report_2023
2024,Report_2024
2025,Report_2025
2026,Report_2026
2027,Report_2027
2028,Report_2028
2029,Report_2029
2030,Report_2030
2031,Report_2031
2032,Report_2032
2033,Report_2033
2034,Report_2034
2035,Report_2035
2036,Report_2036
2037,Report_2037
2038,Report_2038
2039,Report_2039
2040,Report_2040
2041,Report_2041
2042,Report_2042
2043,Report_2043
2044,Report_2044
2045,Report_2045
2046,Report_2046
2047,Report_2047
2048,Report_2048
2049,Report_2049
2050,Report_2050
2051,Report_2051
2052,Report_2052
2053,Report_2053
2054,Report_2054
2055,Report_2055
2056,Report_2056
2057,Report_2057
2058,Report_2058
2059,Report_2059
2060,Report_2060
2061,Report_2061
2062,Report_2062
2063,Report_2063
2064,Report_2064
2065,Report_2065
2066,Report_2066
2067,Report_2067
2068,Report_2068
2069,Report_2069
2070,Report_2070
2071,Report_2071
2072,Report_2072
2073,Report_2073
2074,Report_2074
2075,Report_2075
2076,Report_2076
2077,Report_2077
2078,Report_2078
2079,Report_2079
2080,Report_2080
2081,Report_2081
2082,Report_2082
2083,Report_2083
2084,Report_2084
2085,Report_2085
2086,Report_2086
2087,Report_2087
2088,Report_2088
2089,Report_2089
2090,Report_2090
2091,Report_2091
2092,Report_2092
2093,Report_2093
2094,Report_2094
2095,Report_2095
2096,Report_2096
2097,Report_2097
2098,Report_2098
2099,Report_2099
2100,Report_2100
2101,Report_2101
2102,Report_2102
2103,Report_2103
2104,Report_2104
2105,Report_2105
2106,Report_2106
2107,Report_2107
2108,Report_2108
2109,Report_2109
2110,Report_2110
2111,Report_2111
2112,Report_2112
2113,Report_2113
2114,Report_2114
2115,Report_2115
2116,Report_2116
2117,Report_2117
2118,Report_2118
2119,Report_2119
2120,Report_2120
2121,Report_2121
2122,Report_2122
2123,Report_2123
2124,Report_2124
2125,Report_2125
2126,Report_2126
2127,Report_2127
2128,Report_2128
2129,Report_2129
2130,Report_2130
2131,Report_2131
2132,Report_2132
2133,Report_2133
2134,Report_2134
2135,Report_2135
2136,Report_2136
2137,Report_2137
2138,Report_2138
2139,Report_2139
2140,Report_2140
2141,Report_2141
2142,Report_2142
2143,Report_2143
2144,Report_2144
2145,Report_2145
2146,Report_2146
2147,Report_2147
2148,Report_2148
2149,Report_2149
2150,Report_2150
2151,Report_2151
2152,Report_2152
2153,Report_2153
2154,Report_2154
2155,Report_2155
2156,Report_2156
2157,Report_2157
2158,Report_2158
2159,Report_2159
2160,Report_2160
2161,Report_2161
2162,Report_2162
2163,Report_2163
2164,Report_2164
2165,Report_2165
2166,Report_2166
2167,Report_2167
2168,Report_2168
2169,Report_2169
2170,Report_2170
2171,Report_2171
2172,Report_2172
2173,Report_2173
2174,Report_2174
2175,Report_2175
2176,Report_2176
2177,Report_2177
2178,Report_2178
2179,Report_2179
2180,Report_2180
2181,Report_2181
2182,Report_2182
2183,Report_2183
2184,Report_2184
2185,Report_2185
2186,Report_2186
2187,Report_2187
2188,Report_2188
2189,Report_2189
2190,Report_2190
2191,Report_2191
2192,Report_2192
2193,Report_2193
2194,Report_2194
2195,Report_2195
2196,Report_2196
2197,Report_2197
2198,Report_2198
2199,Report_2199
2200,Report_2200
2201,Report_2201
2202,Report_2202
2203,Report_2203
2204,Report_2204
2205,Report_2205
2206,Report_2206
2207,Report_2207
2208,Report_2208
2209,Report_2209
2210,Report_2210
2211,Report_2211
2212,Report_2212
2213,Report_2213
2214,Report_2214
2215,Report_2215
2216,Report_2216
2217,Report_2217
2218,Report_2218
2219,Report_2219
2220,Report_2220
2221,Report_2221
2222,Report_2222
2223,Report_2223
2224,Report_2224
2225,Report_2225
2226,Report_2226
2227,Report_2227
2228,Report_2228
2229,Report_2229
2230,Report_2230
2231,Report_2231
2232,Report_2232
2233,Report_2233
2234,Report_2234
2235,Report_2235
2236,Report_2236
2237,Report_2237
2238,Report_2238
2239,Report_2239
2240,Report_2240
2241,Report_2241
2242,Report_2242
2243,Report_2243
2244,Report_2244
2245,Report_2245
2246,Report_2246
2247,Report_2247
2248,Report_2248
2249,Report_2249
2250,Report_2250
2251,Report_2251
2252,Report_2252
2253,Report_2253
2254,Report_2254
2255,Report_2255
2256,Report_2256
2257,Report_2257
2258,Report_2258
2259,Report_2259
2260,Report_2260
2261,Report_2261
2262,Report_2262
2263,Report_2263
2264,Report_2264
2265,Report_2265
2266,Report_2266
2267,Report_2267
2268,Report_2268
2269,Report_2269
2270,Report_2270
2271,Report_2271
2272,Report_2272
2273,Report_2273
2274,Report_2274
2275,Report_2275
2276,Report_2276
2277,Report_2277
2278,Report_2278
2279,Report_2279
2280,Report_2280
2281,Report_2281
2282,Report_2282
2283,Report_2283
2284,Report_2284
2285,Report_2285
2286,Report_2286
2287,Report_2287
2288,Report_2288
2289,Report_2289
2290,Report_2290
2291,Report_2291
2292,Report_2292
2293,Report_2293
2294,Report_2294
2295,Report_2295
2296,Report_2296
2297,Report_2297
2298,Report_2298
2299,Report_2299
2300,Report_2300
2301,Report_2301
2302,Report_2302
2303,Report_2303
2304,Report_2304
2305,Report_2305
2306,Report_2306
2307,Report_2307
2308,Report_2308
2309,Report_2309
2310,Report_2310
2311,Report_2311
2312,Report_2312
2313,Report_2313
2314,Report_2314
2315,Report_2315
2316,Report_2316
2317,Report_2317
2318,Report_2318
2319,Report_2319
2320,Report_2320
2321,Report_2321
2322,Report_2322
2323,Report_2323
2324,Report_2324
2325,Report_2325
2326,Report_2326
2327,Report_2327
2328,Report_2328
2329,Report_2329
2330,Report_2330
2331,Report_2331
2332,Report_2332
2333,Report_2333
2334,Report_2334
2335,Report_2335
2336,Report_2336
2337,Report_2337
2338,Report_2338
2339,Report_2339
2340,Report_2340
2341,Report_2341
2342,Report_2342
2343,Report_2343
2344,Report_2344
2345,Report_2345
2346,Report_2346
2347,Report_2347
2348,Report_2348
2349,Report_2349
2350,Report_2350
2351,Report_2351
2352,Report_2352
2353,Report_2353
2354,Report_2354
2355,Report_2355
2356,Report_2356
2357,Report_2357
2358,Report_2358
2359,Report_2359
2360,Report_2360
2361,Report_2361
2362,Report_2362
2363,Report_2363
2364,Report_2364
2365,Report_2365
2366,Report_2366
2367,Report_2367
2368,Report_2368
2369,Report_2369
2370,Report_2370
2371,Report_2371
2372,Report_2372
2373,Report_2373
2374,Report_2374
2375,Report_2375
2376,Report_2376
2377,Report_2377
2378,Report_2378
2379,Report_2379
2380,Report_2380
2381,Report_2381
2382,Report_2382
2383,Report_2383
2384,Report_2384
2385,Report_2385
2386,Report_2386
2387,Report_2387
2388,Report_2388
2389,Report_2389
2390,Report_2390
2391,Report_2391
2392,Report_2392
2393,Report_2393
2394,Report_2394
2395,Report_2395
2396,Report_2396
2397,Report_2397
2398,Report_2398
2399,Report_2399
2400,Report_2400
2401,Report_2401
2402,Report_2402
2403,Report_2403
2404,Report_2404
2405,Report_2405
2406,Report_2406
2407,Report_2407
2408,Report_2408
2409,Report_2409
2410,Report_2410
2411,Report_2411
2412,Report_2412
2413,Report_2413
2414,Report_2414
2415,Report_2415
2416,Report_2416
2417,Report_2417
2418,Report_2418
2419,Report_2419
2420,Report_2420
2421,Report_2421
2422,Report_2422
2423,Report_2423
2424,Report_2424
2425,Report_2425
2426,Report_2426
2427,Report_2427
2428,Report_2428
2429,Report_2429
2430,Report_2430
2431,Report_2431
2432,Report_2432
2433,Report_2433
2434,Report_2434
2435,Report_2435
2436,Report_2436
2437,Report_2437
2438,Report_2438
2439,Report_2439
2440,Report_2440
2441,Report_2441
2442,Report_2442
2443,Report_2443
2444,Report_2444
2445,Report_2445
2446,Report_2446
2447,Report_2447
2448,Report_2448
2449,Report_2449
2450,Report_2450
2451,Report_2451
2452,Report_2452
2453,Report_2453
2454,Report_2454
2455,Report_2455
2456,Report_2456
2457,Report_2457
2458,Report_2458
2459,Report_2459
2460,Report_2460
2461,Report_2461
2462,Report_2462
2463,Report_2463
2464,Report_2464
2465,Report_2465
2466,Report_2466
2467,Report_2467
2468,Report_2468
2469,Report_2469
2470,Report_2470
2471,Report_2471
2472,Report_2472
2473,Report_2473
2474,Report_2474
2475,Report_2475
2476,Report_2476
2477,Report_2477
2478,Report_2478
2479,Report_2479
2480,Report_2480
2481,Report_2481
2482,Report_2482
2483,Report_2483
2484,Report_2484
2485,Report_2485
2486,Report_2486
2487,Report_2487
2488,Report_2488
2489,Report_2489
2490,Report_2490
2491,Report_2491
2492,Report_2492
2493,Report_2493
2494,Report_2494
2495,Report_2495
2496,Report_2496
2497,Report_2497
2498,Report_2498
2499,Report_2499
2500,Report_2500
